﻿<?xml version="1.0" encoding="utf-8"?>
<SharedProductData xmlns:xsi="http://www.w3.org/2001/XMLSchema-instance" xmlns:xsd="http://www.w3.org/2001/XMLSchema">
  <ReleaseDescriptorNoSpaces>Xerox_EC8036_EC8056</ReleaseDescriptorNoSpaces>
  <ReleaseDescriptorWithSpaces>Xerox EC8036/EC8056</ReleaseDescriptorWithSpaces>
  <RecommendedPdl>PS</RecommendedPdl>
  <V4DriverPDL>PS</V4DriverPDL>
  <V4DriverPDL>PCL6</V4DriverPDL>
  <CWISColorLevelsLink>http://{0}/status/consumables.php</CWISColorLevelsLink>
  <CWISPaperLevelsLink>http://{0}/status/trays.php</CWISPaperLevelsLink>
  <DefaultRegistrationModel>EC80XX</DefaultRegistrationModel>
  <capabilities>
    <ControllerFamily>DISCOVERY</ControllerFamily>
    <ControllerFamilyVersion>2.0</ControllerFamilyVersion>
    <PowerEngageSupport>Available</PowerEngageSupport>
    <!-- Microsoft's Auto-Config requires firmware update to D2.1 (e.g. SMP-1) or later. -->
    <MicrosoftWsdMonAutoConfig>SupportedPostLaunch</MicrosoftWsdMonAutoConfig>
    <MicrosoftTcpMonAutoConfig>SupportedPostLaunch</MicrosoftTcpMonAutoConfig>
    <XBDSLevel>1.0</XBDSLevel>
    <XCPTLevel>1.0</XCPTLevel>
    <CBRLevel>1.0</CBRLevel>
    <ColorCapability>Color</ColorCapability>
    <MediaTypeTranslation>Office</MediaTypeTranslation>
    <LDAPPhonebook>Available</LDAPPhonebook>
  </capabilities>
  <models>
    <PrinterModel>
      <ModelName>Xerox EC8036</ModelName>
	  <Mimic>XeroxEC80xx_48.png</Mimic>
	  <Mimic256>XeroxEC80xx_256.png</Mimic256>
      <SysObjectIds>
        <string>1.3.6.1.4.1.253.8.62.1.35.2.18.1.1</string>
      </SysObjectIds>
      <USBProductId>0x8E13</USBProductId>
      <RatedSpeed>36</RatedSpeed>
      <HardwareId>XeroxEC80366929</HardwareId>
      <ConditionalModelDesignation>EC8036</ConditionalModelDesignation>
      <WebLinkModelId>XEC80XX</WebLinkModelId>
      <DeviceStageIconName>dm_Piseco</DeviceStageIconName>
      <PowerengageBrand>Xerox</PowerengageBrand>
      <PowerengageModel>EC8036</PowerengageModel>
    </PrinterModel>
    <PrinterModel>
      <ModelName>Xerox EC8056</ModelName>
	  <Mimic>XeroxEC80xx_48.png</Mimic>
	  <Mimic256>XeroxEC80xx_256.png</Mimic256>
      <SysObjectIds>
        <string>1.3.6.1.4.1.253.8.62.1.35.2.19.1.1</string>
      </SysObjectIds>
      <USBProductId>0x8E14</USBProductId>
      <RatedSpeed>56</RatedSpeed>
      <HardwareId>XeroxEC8056C92A</HardwareId>
      <ConditionalModelDesignation>EC8056</ConditionalModelDesignation>
      <WebLinkModelId>XEC80XX</WebLinkModelId>
      <DeviceStageIconName>dm_Piseco</DeviceStageIconName>
      <PowerengageBrand>Xerox</PowerengageBrand>
      <PowerengageModel>EC8056</PowerengageModel>
    </PrinterModel>
  </models>
</SharedProductData>