<?xml version="1.0"?>
<bidi:Definition xmlns:bidi="http://schemas.microsoft.com/windows/2005/03/printing/bidi">
  <Schema 	xmlns:wprt="http://schemas.microsoft.com/windows/2006/08/wdp/print"
			xmlns:cpss="http://xml.namespaces.xerox.com/enterprise/device/cpss/2007/08"  >
    <Property name="Printer">

      <Property name="Finishing">
        <Value name="CollationSupported" query="wprt:PrinterConfiguration" filter="wprt:PrinterConfiguration/wprt:Finishings/wprt:CollationSupported" type="BIDI_STRING" optional="true" drvPrinterEvent="true" />

        <Property name="Staple">
          <Value name="Installed" query="wprt:PrinterConfiguration" filter="wprt:PrinterConfiguration/wprt:Finishings/wprt:StaplerInstalled" type="BIDI_STRING" optional="true" drvPrinterEvent="true" />
        </Property>
      </Property>


      <Property name="Configuration">
        <Property name="InstallableOptionsActualCol">
          <!-- String values -->
          <Value name="InstallableFaxOutActual" query="wprt:PrinterConfiguration" filter="wprt:PrinterConfiguration/cpss:InstallableOptionsActualCol/cpss:InstallableFaxOutActual" 	type="BIDI_STRING" drvPrinterEvent="true"/>
		  <Value name="InstallableFaxEmailNotificationActual" query="wprt:PrinterConfiguration" filter="wprt:PrinterConfiguration/cpss:InstallableOptionsActualCol/cpss:InstallableFaxEmailNotificationActual" 	type="BIDI_STRING" drvPrinterEvent="true"/>
          <Value name="InstallableDuplexUnitActual" query="wprt:PrinterConfiguration" filter="wprt:PrinterConfiguration/cpss:InstallableOptionsActualCol/cpss:InstallableDuplexUnitActual"   type="BIDI_STRING" drvPrinterEvent="true"/>
          <Value name="InstallableHoldForAuthenticationActual"  query="wprt:PrinterConfiguration" filter="wprt:PrinterConfiguration/cpss:InstallableOptionsActualCol/cpss:InstallableHoldForAuthenticationActual" 		  type="BIDI_STRING" drvPrinterEvent="true"/>
          <Value name="InstallableHolePunchUnitActual" 	  query="wprt:PrinterConfiguration" filter="wprt:PrinterConfiguration/cpss:InstallableOptionsActualCol/cpss:InstallableHolePunchUnitActual"		 type="BIDI_STRING" drvPrinterEvent="true"/>
          <Value name="InstallableInputPaperTraysActual" 	  query="wprt:PrinterConfiguration" filter="wprt:PrinterConfiguration/cpss:InstallableOptionsActualCol/cpss:InstallableInputPaperTraysActual" 		  type="BIDI_STRING" drvPrinterEvent="true"/>
          <Value name="InstallableInserterUnitActual" 	  query="wprt:PrinterConfiguration" filter="wprt:PrinterConfiguration/cpss:InstallableOptionsActualCol/cpss:InstallableInserterUnitActual" 		  type="BIDI_STRING" drvPrinterEvent="true"/>
          <Value name="InstallableJobStorageActual" 		  query="wprt:PrinterConfiguration" filter="wprt:PrinterConfiguration/cpss:InstallableOptionsActualCol/cpss:InstallableJobStorageActual" 		  type="BIDI_STRING" drvPrinterEvent="true"/>
          <Value name="InstallableOutputDeliveryUnitActual" query="wprt:PrinterConfiguration" filter="wprt:PrinterConfiguration/cpss:InstallableOptionsActualCol/cpss:InstallableOutputDeliveryUnitActual" 		  type="BIDI_STRING" drvPrinterEvent="true"/>
          <Value name="InstallableJobAccountingFdiOptionActual" 	  query="wprt:PrinterConfiguration" filter="wprt:PrinterConfiguration/cpss:InstallableOptionsActualCol/cpss:InstallableJobAccountingFdiOptionActual" 		  type="BIDI_STRING" drvPrinterEvent="true"/>
          <Value name="InstallableJobAccountingSystemActual" 	  query="wprt:PrinterConfiguration" filter="wprt:PrinterConfiguration/cpss:InstallableOptionsActualCol/cpss:InstallableJobAccountingSystemActual" 		  type="BIDI_STRING" drvPrinterEvent="true"/>
          <Value name="InstallableTriFoldActual" 	  query="wprt:PrinterConfiguration" filter="wprt:PrinterConfiguration/cpss:InstallableOptionsActualCol/cpss:InstallableTriFoldActual" 		  type="BIDI_STRING" drvPrinterEvent="true"/>
          <Value name="InstallableHardDriveActual" 	  query="wprt:PrinterConfiguration" filter="wprt:PrinterConfiguration/cpss:InstallableOptionsActualCol/cpss:InstallableHardDriveActual" 		  type="BIDI_STRING" drvPrinterEvent="true"/>
          <Value name="InstallableAuthenticationModuleActual" 	  query="wprt:PrinterConfiguration" filter="wprt:PrinterConfiguration/cpss:InstallableOptionsActualCol/cpss:InstallableAuthenticationModuleActual" 		  type="BIDI_STRING" drvPrinterEvent="true"/>
          <Value name="InstallableHighCapacityFeederActual" 	  query="wprt:PrinterConfiguration" filter="wprt:PrinterConfiguration/cpss:InstallableOptionsActualCol/cpss:InstallableHighCapacityFeederActual" 		  type="BIDI_STRING" drvPrinterEvent="true"/>
          <Value name="InstallableBookletModuleActual" 	  query="wprt:PrinterConfiguration" filter="wprt:PrinterConfiguration/cpss:InstallableOptionsActualCol/cpss:InstallableBookletModuleActual" 		  type="BIDI_STRING" drvPrinterEvent="true"/>
          <Value name="InstallableCoilPunchUnitActual" 	  query="wprt:PrinterConfiguration" filter="wprt:PrinterConfiguration/cpss:InstallableOptionsActualCol/cpss:InstallableCoilPunchUnitActual" 		  type="BIDI_STRING" drvPrinterEvent="true"/>
          <Value name="InstallableSquareFoldTrimmerActual" 	  query="wprt:PrinterConfiguration" filter="wprt:PrinterConfiguration/cpss:InstallableOptionsActualCol/cpss:InstallableSquareFoldTrimmerActual" 		  type="BIDI_STRING" drvPrinterEvent="true"/>
          <Value name="InstallablePhaserModuleActual" 	  query="wprt:PrinterConfiguration" filter="wprt:PrinterConfiguration/cpss:InstallableOptionsActualCol/cpss:InstallablePhaserModuleActual" 		  type="BIDI_STRING" drvPrinterEvent="true"/>
		      <Value name="InstallableDocumentEncryptionActual" 	  query="wprt:PrinterConfiguration" filter="wprt:PrinterConfiguration/cpss:InstallableOptionsActualCol/cpss:InstallableDocumentEncryptionActual" 		  type="BIDI_STRING" drvPrinterEvent="true"/>
          <Value name="InstallableEnvelopeTrayActual" 	  query="wprt:PrinterConfiguration" filter="wprt:PrinterConfiguration/cpss:InstallableOptionsActualCol/cpss:InstallableEnvelopeTrayActual" 		  type="BIDI_STRING" drvPrinterEvent="true"/>
		  <Value name="InstallableProductivityPackActual" 	  query="wprt:PrinterConfiguration" filter="wprt:PrinterConfiguration/cpss:InstallableOptionsActualCol/cpss:InstallableProductivityPackActual" 		  type="BIDI_STRING" drvPrinterEvent="true"/>
          <Value name="InstallableOutputBinCenterActual" 	  query="wprt:PrinterConfiguration" filter="wprt:PrinterConfiguration/cpss:InstallableOptionsActualCol/cpss:InstallableOutputBinCenterActual" 		  type="BIDI_STRING" drvPrinterEvent="true"/>
          <!-- Int values -->
          <Value name="InstallableMemoryActual" 	  query="wprt:PrinterConfiguration" filter="wprt:PrinterConfiguration/cpss:InstallableOptionsActualCol/cpss:InstallableMemoryActual" 		  type="BIDI_INT" drvPrinterEvent="true"/>
        </Property>
      </Property>
    </Property>
  </Schema>
</bidi:Definition>
